{"AddressEncoded":[1.0,0.0,0.0,0.0,0.0,0.0],"Address":"cantho","Distance":3300.0,"Rating":79.0,"Capacity":1.0,"CapacityEncoded":[1.0,0.0],"Area":90.0,"Price":742500.0,"Label":742500.0,"Score":1355970.1}
{"AddressEncoded":[1.0,0.0,0.0,0.0,0.0,0.0],"Address":"cantho","Distance":300.0,"Rating":89.0,"Capacity":1.0,"CapacityEncoded":[1.0,0.0],"Area":72.0,"Price":877500.0,"Label":877500.0,"Score":906888.25}
{"AddressEncoded":[1.0,0.0,0.0,0.0,0.0,0.0],"Address":"cantho","Distance":3400.0,"Rating":97.0,"Capacity":1.0,"CapacityEncoded":[1.0,0.0],"Area":35.0,"Price":526500.0,"Label":526500.0,"Score":829776.06}
{"AddressEncoded":[1.0,0.0,0.0,0.0,0.0,0.0],"Address":"cantho","Distance":500.0,"Rating":98.0,"Capacity":1.0,"CapacityEncoded":[1.0,0.0],"Area":150.0,"Price":2070000.0,"Label":2070000.0,"Score":2369423.8}
{"AddressEncoded":[0.0,1.0,0.0,0.0,0.0,0.0],"Address":"dalat","Distance":1800.0,"Rating":100.0,"Capacity":1.0,"CapacityEncoded":[1.0,0.0],"Area":150.0,"Price":3385800.0,"Label":3385800.0,"Score":2648980.8}
{"AddressEncoded":[0.0,1.0,0.0,0.0,0.0,0.0],"Address":"dalat","Distance":3000.0,"Rating":55.0,"Capacity":1.0,"CapacityEncoded":[1.0,0.0],"Area":56.0,"Price":2000000.0,"Label":2000000.0,"Score":1586991.8}
{"AddressEncoded":[0.0,1.0,0.0,0.0,0.0,0.0],"Address":"dalat","Distance":4700.0,"Rating":91.0,"Capacity":1.0,"CapacityEncoded":[1.0,0.0],"Area":400.0,"Price":3125500.0,"Label":3125500.0,"Score":3267415.8}
{"AddressEncoded":[0.0,1.0,0.0,0.0,0.0,0.0],"Address":"dalat","Distance":2500.0,"Rating":10.0,"Capacity":1.0,"CapacityEncoded":[1.0,0.0],"Area":500.0,"Price":4495500.0,"Label":4495500.0,"Score":2031504.4}
{"AddressEncoded":[0.0,1.0,0.0,0.0,0.0,0.0],"Address":"dalat","Distance":3200.0,"Rating":100.0,"Capacity":1.0,"CapacityEncoded":[1.0,0.0],"Area":250.0,"Price":5100000.0,"Label":5100000.0,"Score":1464936.2}
{"AddressEncoded":[0.0,1.0,0.0,0.0,0.0,0.0],"Address":"dalat","Distance":1400.0,"Rating":94.0,"Capacity":1.0,"CapacityEncoded":[1.0,0.0],"Area":140.0,"Price":1296000.0,"Label":1296000.0,"Score":1792576.9}
{"AddressEncoded":[0.0,1.0,0.0,0.0,0.0,0.0],"Address":"dalat","Distance":1300.0,"Rating":80.0,"Capacity":1.0,"CapacityEncoded":[1.0,0.0],"Area":300.0,"Price":1404000.0,"Label":1404000.0,"Score":1064159.5}
{"AddressEncoded":[0.0,1.0,0.0,0.0,0.0,0.0],"Address":"dalat","Distance":300.0,"Rating":100.0,"Capacity":1.0,"CapacityEncoded":[1.0,0.0],"Area":100.0,"Price":4000000.0,"Label":4000000.0,"Score":3281603.8}
{"AddressEncoded":[0.0,1.0,0.0,0.0,0.0,0.0],"Address":"dalat","Distance":1700.0,"Rating":100.0,"Capacity":1.0,"CapacityEncoded":[1.0,0.0],"Area":120.0,"Price":1008000.0,"Label":1008000.0,"Score":1618713.0}
{"AddressEncoded":[0.0,1.0,0.0,0.0,0.0,0.0],"Address":"dalat","Distance":1400.0,"Rating":60.0,"Capacity":1.0,"CapacityEncoded":[1.0,0.0],"Area":280.0,"Price":1960000.0,"Label":1960000.0,"Score":2223374.2}
{"AddressEncoded":[0.0,1.0,0.0,0.0,0.0,0.0],"Address":"dalat","Distance":1500.0,"Rating":90.0,"Capacity":1.0,"CapacityEncoded":[1.0,0.0],"Area":225.0,"Price":4500000.0,"Label":4500000.0,"Score":3460211.5}
{"AddressEncoded":[0.0,1.0,0.0,0.0,0.0,0.0],"Address":"dalat","Distance":1800.0,"Rating":100.0,"Capacity":1.0,"CapacityEncoded":[1.0,0.0],"Area":120.0,"Price":1800000.0,"Label":1800000.0,"Score":1630310.9}
{"AddressEncoded":[0.0,1.0,0.0,0.0,0.0,0.0],"Address":"dalat","Distance":1300.0,"Rating":95.0,"Capacity":1.0,"CapacityEncoded":[1.0,0.0],"Area":87.0,"Price":2700000.0,"Label":2700000.0,"Score":2089331.0}
{"AddressEncoded":[0.0,1.0,0.0,0.0,0.0,0.0],"Address":"dalat","Distance":1900.0,"Rating":76.0,"Capacity":1.0,"CapacityEncoded":[1.0,0.0],"Area":40.0,"Price":439200.0,"Label":439200.0,"Score":1174821.2}
{"AddressEncoded":[0.0,1.0,0.0,0.0,0.0,0.0],"Address":"dalat","Distance":1500.0,"Rating":93.0,"Capacity":1.0,"CapacityEncoded":[1.0,0.0],"Area":250.0,"Price":3000000.0,"Label":3000000.0,"Score":2956800.5}
{"AddressEncoded":[0.0,1.0,0.0,0.0,0.0,0.0],"Address":"dalat","Distance":2000.0,"Rating":90.0,"Capacity":1.0,"CapacityEncoded":[1.0,0.0],"Area":130.0,"Price":579600.0,"Label":579600.0,"Score":869305.94}
{"AddressEncoded":[0.0,1.0,0.0,0.0,0.0,0.0],"Address":"dalat","Distance":1800.0,"Rating":97.0,"Capacity":1.0,"CapacityEncoded":[1.0,0.0],"Area":100.0,"Price":1154250.0,"Label":1154250.0,"Score":1687661.1}
{"AddressEncoded":[0.0,1.0,0.0,0.0,0.0,0.0],"Address":"dalat","Distance":10900.0,"Rating":80.0,"Capacity":1.0,"CapacityEncoded":[1.0,0.0],"Area":20.0,"Price":1610000.0,"Label":1610000.0,"Score":1641528.6}
{"AddressEncoded":[0.0,1.0,0.0,0.0,0.0,0.0],"Address":"dalat","Distance":2100.0,"Rating":78.0,"Capacity":1.0,"CapacityEncoded":[1.0,0.0],"Area":130.0,"Price":735300.0,"Label":735300.0,"Score":638357.44}
{"AddressEncoded":[0.0,1.0,0.0,0.0,0.0,0.0],"Address":"dalat","Distance":300.0,"Rating":86.0,"Capacity":1.0,"CapacityEncoded":[1.0,0.0],"Area":101.0,"Price":2700000.0,"Label":2700000.0,"Score":2619184.0}
{"AddressEncoded":[0.0,1.0,0.0,0.0,0.0,0.0],"Address":"dalat","Distance":1500.0,"Rating":96.0,"Capacity":1.0,"CapacityEncoded":[1.0,0.0],"Area":300.0,"Price":4275000.0,"Label":4275000.0,"Score":3308324.5}
{"AddressEncoded":[0.0,1.0,0.0,0.0,0.0,0.0],"Address":"dalat","Distance":250.0,"Rating":95.0,"Capacity":1.0,"CapacityEncoded":[1.0,0.0],"Area":70.0,"Price":1800000.0,"Label":1800000.0,"Score":1729973.1}
{"AddressEncoded":[0.0,1.0,0.0,0.0,0.0,0.0],"Address":"dalat","Distance":12200.0,"Rating":10.0,"Capacity":1.0,"CapacityEncoded":[1.0,0.0],"Area":300.0,"Price":4500000.0,"Label":4500000.0,"Score":5164989.0}
{"AddressEncoded":[0.0,1.0,0.0,0.0,0.0,0.0],"Address":"dalat","Distance":1900.0,"Rating":92.0,"Capacity":1.0,"CapacityEncoded":[1.0,0.0],"Area":250.0,"Price":1100000.0,"Label":1100000.0,"Score":1324631.2}
{"AddressEncoded":[0.0,1.0,0.0,0.0,0.0,0.0],"Address":"dalat","Distance":1500.0,"Rating":45.0,"Capacity":1.0,"CapacityEncoded":[1.0,0.0],"Area":300.0,"Price":1494000.0,"Label":1494000.0,"Score":1477439.0}
{"AddressEncoded":[0.0,1.0,0.0,0.0,0.0,0.0],"Address":"dalat","Distance":1100.0,"Rating":80.0,"Capacity":1.0,"CapacityEncoded":[1.0,0.0],"Area":160.0,"Price":1462500.0,"Label":1462500.0,"Score":1651559.8}
{"AddressEncoded":[0.0,1.0,0.0,0.0,0.0,0.0],"Address":"dalat","Distance":2100.0,"Rating":100.0,"Capacity":1.0,"CapacityEncoded":[1.0,0.0],"Area":200.0,"Price":1350000.0,"Label":1350000.0,"Score":1773799.4}
{"AddressEncoded":[0.0,1.0,0.0,0.0,0.0,0.0],"Address":"dalat","Distance":2000.0,"Rating":95.0,"Capacity":1.0,"CapacityEncoded":[1.0,0.0],"Area":35.0,"Price":500000.0,"Label":500000.0,"Score":649337.6}
{"AddressEncoded":[0.0,1.0,0.0,0.0,0.0,0.0],"Address":"dalat","Distance":2200.0,"Rating":100.0,"Capacity":1.0,"CapacityEncoded":[1.0,0.0],"Area":100.0,"Price":1656000.0,"Label":1656000.0,"Score":1625280.8}
{"AddressEncoded":[0.0,1.0,0.0,0.0,0.0,0.0],"Address":"dalat","Distance":1700.0,"Rating":82.0,"Capacity":1.0,"CapacityEncoded":[1.0,0.0],"Area":18.0,"Price":1300000.0,"Label":1300000.0,"Score":816283.8}
{"AddressEncoded":[0.0,1.0,0.0,0.0,0.0,0.0],"Address":"dalat","Distance":1600.0,"Rating":90.0,"Capacity":1.0,"CapacityEncoded":[1.0,0.0],"Area":100.0,"Price":1674340.0,"Label":1674340.0,"Score":1189351.8}
{"AddressEncoded":[0.0,1.0,0.0,0.0,0.0,0.0],"Address":"dalat","Distance":1400.0,"Rating":88.0,"Capacity":1.0,"CapacityEncoded":[1.0,0.0],"Area":400.0,"Price":2400000.0,"Label":2400000.0,"Score":2790762.8}
{"AddressEncoded":[0.0,1.0,0.0,0.0,0.0,0.0],"Address":"dalat","Distance":1700.0,"Rating":89.0,"Capacity":1.0,"CapacityEncoded":[1.0,0.0],"Area":200.0,"Price":1008000.0,"Label":1008000.0,"Score":1490558.6}
{"AddressEncoded":[0.0,1.0,0.0,0.0,0.0,0.0],"Address":"dalat","Distance":1600.0,"Rating":100.0,"Capacity":1.0,"CapacityEncoded":[1.0,0.0],"Area":40.0,"Price":552500.0,"Label":552500.0,"Score":1381475.6}
{"AddressEncoded":[0.0,1.0,0.0,0.0,0.0,0.0],"Address":"dalat","Distance":2300.0,"Rating":77.0,"Capacity":1.0,"CapacityEncoded":[1.0,0.0],"Area":99.0,"Price":1599000.0,"Label":1599000.0,"Score":663535.2}
{"AddressEncoded":[0.0,1.0,0.0,0.0,0.0,0.0],"Address":"dalat","Distance":1100.0,"Rating":87.0,"Capacity":1.0,"CapacityEncoded":[1.0,0.0],"Area":100.0,"Price":1193400.0,"Label":1193400.0,"Score":1799362.6}
{"AddressEncoded":[0.0,1.0,0.0,0.0,0.0,0.0],"Address":"dalat","Distance":3100.0,"Rating":97.0,"Capacity":1.0,"CapacityEncoded":[1.0,0.0],"Area":400.0,"Price":2550000.0,"Label":2550000.0,"Score":4726744.5}
{"AddressEncoded":[0.0,1.0,0.0,0.0,0.0,0.0],"Address":"dalat","Distance":1600.0,"Rating":100.0,"Capacity":1.0,"CapacityEncoded":[1.0,0.0],"Area":60.0,"Price":1539000.0,"Label":1539000.0,"Score":1755310.4}
{"AddressEncoded":[0.0,1.0,0.0,0.0,0.0,0.0],"Address":"dalat","Distance":250.0,"Rating":82.0,"Capacity":1.0,"CapacityEncoded":[1.0,0.0],"Area":30.0,"Price":600000.0,"Label":600000.0,"Score":921344.1}
{"AddressEncoded":[0.0,0.0,1.0,0.0,0.0,0.0],"Address":"danang","Distance":2500.0,"Rating":100.0,"Capacity":1.0,"CapacityEncoded":[1.0,0.0],"Area":71.0,"Price":1000000.0,"Label":1000000.0,"Score":1169188.5}
{"AddressEncoded":[0.0,0.0,1.0,0.0,0.0,0.0],"Address":"danang","Distance":3000.0,"Rating":97.0,"Capacity":1.0,"CapacityEncoded":[1.0,0.0],"Area":35.0,"Price":400000.0,"Label":400000.0,"Score":552233.0}
{"AddressEncoded":[0.0,0.0,1.0,0.0,0.0,0.0],"Address":"danang","Distance":12400.0,"Rating":50.0,"Capacity":1.0,"CapacityEncoded":[1.0,0.0],"Area":54.0,"Price":1520352.0,"Label":1520352.0,"Score":3771768.2}
{"AddressEncoded":[0.0,0.0,1.0,0.0,0.0,0.0],"Address":"danang","Distance":3400.0,"Rating":79.0,"Capacity":1.0,"CapacityEncoded":[1.0,0.0],"Area":70.0,"Price":2400000.0,"Label":2400000.0,"Score":1258897.9}
{"AddressEncoded":[0.0,0.0,1.0,0.0,0.0,0.0],"Address":"danang","Distance":3300.0,"Rating":92.0,"Capacity":1.0,"CapacityEncoded":[1.0,0.0],"Area":75.0,"Price":3420000.0,"Label":3420000.0,"Score":3020833.2}
{"AddressEncoded":[0.0,0.0,1.0,0.0,0.0,0.0],"Address":"danang","Distance":10000.0,"Rating":68.0,"Capacity":1.0,"CapacityEncoded":[1.0,0.0],"Area":300.0,"Price":7000000.0,"Label":7000000.0,"Score":7122389.0}
{"AddressEncoded":[0.0,0.0,1.0,0.0,0.0,0.0],"Address":"danang","Distance":1000.0,"Rating":85.0,"Capacity":1.0,"CapacityEncoded":[1.0,0.0],"Area":270.0,"Price":5130000.0,"Label":5130000.0,"Score":5201681.5}
{"AddressEncoded":[0.0,0.0,1.0,0.0,0.0,0.0],"Address":"danang","Distance":9600.0,"Rating":90.0,"Capacity":1.0,"CapacityEncoded":[1.0,0.0],"Area":90.0,"Price":2500000.0,"Label":2500000.0,"Score":2865605.8}
{"AddressEncoded":[0.0,0.0,1.0,0.0,0.0,0.0],"Address":"danang","Distance":12400.0,"Rating":65.0,"Capacity":1.0,"CapacityEncoded":[1.0,0.0],"Area":72.0,"Price":1575773.0,"Label":1575773.0,"Score":4379238.5}
{"AddressEncoded":[0.0,0.0,1.0,0.0,0.0,0.0],"Address":"danang","Distance":9000.0,"Rating":90.0,"Capacity":1.0,"CapacityEncoded":[1.0,0.0],"Area":60.0,"Price":1600000.0,"Label":1600000.0,"Score":1872658.6}
{"AddressEncoded":[0.0,0.0,1.0,0.0,0.0,0.0],"Address":"danang","Distance":2300.0,"Rating":95.0,"Capacity":1.0,"CapacityEncoded":[1.0,0.0],"Area":65.0,"Price":645697.0,"Label":645697.0,"Score":718211.0}
{"AddressEncoded":[0.0,0.0,1.0,0.0,0.0,0.0],"Address":"danang","Distance":3000.0,"Rating":83.0,"Capacity":1.0,"CapacityEncoded":[1.0,0.0],"Area":100.0,"Price":2565000.0,"Label":2565000.0,"Score":2764894.0}
{"AddressEncoded":[0.0,0.0,1.0,0.0,0.0,0.0],"Address":"danang","Distance":3500.0,"Rating":100.0,"Capacity":1.0,"CapacityEncoded":[1.0,0.0],"Area":70.0,"Price":270000.0,"Label":270000.0,"Score":786284.44}
{"AddressEncoded":[0.0,0.0,1.0,0.0,0.0,0.0],"Address":"danang","Distance":3000.0,"Rating":90.0,"Capacity":1.0,"CapacityEncoded":[1.0,0.0],"Area":130.0,"Price":3800000.0,"Label":3800000.0,"Score":3343104.8}
{"AddressEncoded":[0.0,0.0,1.0,0.0,0.0,0.0],"Address":"danang","Distance":1400.0,"Rating":88.0,"Capacity":1.0,"CapacityEncoded":[1.0,0.0],"Area":30.0,"Price":741000.0,"Label":741000.0,"Score":516273.12}
{"AddressEncoded":[0.0,0.0,1.0,0.0,0.0,0.0],"Address":"danang","Distance":4600.0,"Rating":94.0,"Capacity":1.0,"CapacityEncoded":[1.0,0.0],"Area":400.0,"Price":7200000.0,"Label":7200000.0,"Score":4205759.0}
{"AddressEncoded":[0.0,0.0,1.0,0.0,0.0,0.0],"Address":"danang","Distance":12400.0,"Rating":70.0,"Capacity":1.0,"CapacityEncoded":[1.0,0.0],"Area":70.0,"Price":2000000.0,"Label":2000000.0,"Score":4777902.5}
{"AddressEncoded":[0.0,0.0,1.0,0.0,0.0,0.0],"Address":"danang","Distance":11800.0,"Rating":97.0,"Capacity":1.0,"CapacityEncoded":[1.0,0.0],"Area":515.0,"Price":13940630.0,"Label":13940630.0,"Score":13642921.0}
{"AddressEncoded":[0.0,0.0,1.0,0.0,0.0,0.0],"Address":"danang","Distance":12400.0,"Rating":90.0,"Capacity":1.0,"CapacityEncoded":[1.0,0.0],"Area":90.0,"Price":1996583.0,"Label":1996583.0,"Score":3714193.8}
{"AddressEncoded":[0.0,0.0,1.0,0.0,0.0,0.0],"Address":"danang","Distance":1300.0,"Rating":100.0,"Capacity":1.0,"CapacityEncoded":[1.0,0.0],"Area":300.0,"Price":3847500.0,"Label":3847500.0,"Score":1934455.2}
{"AddressEncoded":[0.0,0.0,1.0,0.0,0.0,0.0],"Address":"danang","Distance":2500.0,"Rating":80.0,"Capacity":1.0,"CapacityEncoded":[1.0,0.0],"Area":33.0,"Price":550000.0,"Label":550000.0,"Score":661822.2}
{"AddressEncoded":[0.0,0.0,1.0,0.0,0.0,0.0],"Address":"danang","Distance":4900.0,"Rating":100.0,"Capacity":1.0,"CapacityEncoded":[1.0,0.0],"Area":350.0,"Price":8500000.0,"Label":8500000.0,"Score":8408560.0}
{"AddressEncoded":[0.0,0.0,1.0,0.0,0.0,0.0],"Address":"danang","Distance":12400.0,"Rating":87.0,"Capacity":1.0,"CapacityEncoded":[1.0,0.0],"Area":270.0,"Price":4370000.0,"Label":4370000.0,"Score":6064125.0}
{"AddressEncoded":[0.0,0.0,1.0,0.0,0.0,0.0],"Address":"danang","Distance":12400.0,"Rating":82.0,"Capacity":1.0,"CapacityEncoded":[1.0,0.0],"Area":85.0,"Price":1748000.0,"Label":1748000.0,"Score":3087165.5}
{"AddressEncoded":[0.0,0.0,1.0,0.0,0.0,0.0],"Address":"danang","Distance":3900.0,"Rating":93.0,"Capacity":1.0,"CapacityEncoded":[1.0,0.0],"Area":45.0,"Price":801970.0,"Label":801970.0,"Score":1129491.1}
{"AddressEncoded":[0.0,0.0,1.0,0.0,0.0,0.0],"Address":"danang","Distance":2800.0,"Rating":91.0,"Capacity":1.0,"CapacityEncoded":[1.0,0.0],"Area":140.0,"Price":2065500.0,"Label":2065500.0,"Score":1733352.4}
{"AddressEncoded":[0.0,0.0,1.0,0.0,0.0,0.0],"Address":"danang","Distance":12400.0,"Rating":79.0,"Capacity":1.0,"CapacityEncoded":[1.0,0.0],"Area":85.0,"Price":1496250.0,"Label":1496250.0,"Score":3217554.0}
{"AddressEncoded":[0.0,0.0,1.0,0.0,0.0,0.0],"Address":"danang","Distance":4500.0,"Rating":100.0,"Capacity":1.0,"CapacityEncoded":[1.0,0.0],"Area":20.0,"Price":3000000.0,"Label":3000000.0,"Score":2037363.6}
{"AddressEncoded":[0.0,0.0,1.0,0.0,0.0,0.0],"Address":"danang","Distance":5000.0,"Rating":86.0,"Capacity":1.0,"CapacityEncoded":[1.0,0.0],"Area":400.0,"Price":11337662.0,"Label":11337662.0,"Score":11383311.0}
{"AddressEncoded":[0.0,0.0,1.0,0.0,0.0,0.0],"Address":"danang","Distance":3300.0,"Rating":10.0,"Capacity":1.0,"CapacityEncoded":[1.0,0.0],"Area":75.0,"Price":720000.0,"Label":720000.0,"Score":1307584.5}
{"AddressEncoded":[0.0,0.0,1.0,0.0,0.0,0.0],"Address":"danang","Distance":5100.0,"Rating":80.0,"Capacity":1.0,"CapacityEncoded":[1.0,0.0],"Area":40.0,"Price":1552500.0,"Label":1552500.0,"Score":1171679.2}
{"AddressEncoded":[0.0,0.0,1.0,0.0,0.0,0.0],"Address":"danang","Distance":4900.0,"Rating":50.0,"Capacity":1.0,"CapacityEncoded":[1.0,0.0],"Area":200.0,"Price":3185000.0,"Label":3185000.0,"Score":4277357.0}
{"AddressEncoded":[0.0,0.0,1.0,0.0,0.0,0.0],"Address":"danang","Distance":11600.0,"Rating":60.0,"Capacity":1.0,"CapacityEncoded":[1.0,0.0],"Area":400.0,"Price":5500000.0,"Label":5500000.0,"Score":6039335.5}
{"AddressEncoded":[0.0,0.0,1.0,0.0,0.0,0.0],"Address":"danang","Distance":2500.0,"Rating":10.0,"Capacity":1.0,"CapacityEncoded":[1.0,0.0],"Area":134.0,"Price":1152000.0,"Label":1152000.0,"Score":1238129.0}
{"AddressEncoded":[0.0,0.0,1.0,0.0,0.0,0.0],"Address":"danang","Distance":500.0,"Rating":96.0,"Capacity":1.0,"CapacityEncoded":[1.0,0.0],"Area":48.0,"Price":1003500.0,"Label":1003500.0,"Score":973475.94}
{"AddressEncoded":[0.0,0.0,1.0,0.0,0.0,0.0],"Address":"danang","Distance":2800.0,"Rating":100.0,"Capacity":1.0,"CapacityEncoded":[1.0,0.0],"Area":700.0,"Price":16129032.0,"Label":16129032.0,"Score":15321606.0}
{"AddressEncoded":[0.0,0.0,1.0,0.0,0.0,0.0],"Address":"danang","Distance":3600.0,"Rating":97.0,"Capacity":1.0,"CapacityEncoded":[1.0,0.0],"Area":40.0,"Price":800000.0,"Label":800000.0,"Score":831364.2}
{"AddressEncoded":[0.0,0.0,1.0,0.0,0.0,0.0],"Address":"danang","Distance":5000.0,"Rating":100.0,"Capacity":1.0,"CapacityEncoded":[1.0,0.0],"Area":400.0,"Price":13297577.0,"Label":13297577.0,"Score":8912777.0}
{"AddressEncoded":[0.0,0.0,1.0,0.0,0.0,0.0],"Address":"danang","Distance":3800.0,"Rating":45.0,"Capacity":1.0,"CapacityEncoded":[1.0,0.0],"Area":55.0,"Price":495720.0,"Label":495720.0,"Score":762323.6}
{"AddressEncoded":[0.0,0.0,1.0,0.0,0.0,0.0],"Address":"danang","Distance":5000.0,"Rating":88.0,"Capacity":1.0,"CapacityEncoded":[1.0,0.0],"Area":430.0,"Price":8000000.0,"Label":8000000.0,"Score":11154366.0}
{"AddressEncoded":[0.0,0.0,1.0,0.0,0.0,0.0],"Address":"danang","Distance":3400.0,"Rating":70.0,"Capacity":1.0,"CapacityEncoded":[1.0,0.0],"Area":70.0,"Price":1200000.0,"Label":1200000.0,"Score":1118545.2}
{"AddressEncoded":[0.0,0.0,1.0,0.0,0.0,0.0],"Address":"danang","Distance":4000.0,"Rating":76.0,"Capacity":1.0,"CapacityEncoded":[1.0,0.0],"Area":580.0,"Price":9702000.0,"Label":9702000.0,"Score":9613449.0}
{"AddressEncoded":[0.0,0.0,1.0,0.0,0.0,0.0],"Address":"danang","Distance":3400.0,"Rating":87.0,"Capacity":1.0,"CapacityEncoded":[1.0,0.0],"Area":50.0,"Price":799200.0,"Label":799200.0,"Score":666300.25}
{"AddressEncoded":[0.0,0.0,1.0,0.0,0.0,0.0],"Address":"danang","Distance":3400.0,"Rating":60.0,"Capacity":1.0,"CapacityEncoded":[1.0,0.0],"Area":60.0,"Price":1200000.0,"Label":1200000.0,"Score":1095257.6}
{"AddressEncoded":[0.0,0.0,1.0,0.0,0.0,0.0],"Address":"danang","Distance":3400.0,"Rating":90.0,"Capacity":1.0,"CapacityEncoded":[1.0,0.0],"Area":60.0,"Price":1300000.0,"Label":1300000.0,"Score":942535.44}
{"AddressEncoded":[0.0,0.0,1.0,0.0,0.0,0.0],"Address":"danang","Distance":3400.0,"Rating":85.0,"Capacity":1.0,"CapacityEncoded":[1.0,0.0],"Area":52.0,"Price":850000.0,"Label":850000.0,"Score":873570.56}
{"AddressEncoded":[0.0,0.0,1.0,0.0,0.0,0.0],"Address":"danang","Distance":3600.0,"Rating":82.0,"Capacity":1.0,"CapacityEncoded":[1.0,0.0],"Area":150.0,"Price":558600.0,"Label":558600.0,"Score":1082701.0}
{"AddressEncoded":[0.0,0.0,1.0,0.0,0.0,0.0],"Address":"danang","Distance":7800.0,"Rating":100.0,"Capacity":1.0,"CapacityEncoded":[1.0,0.0],"Area":78.0,"Price":13723249.0,"Label":13723249.0,"Score":11331620.0}
{"AddressEncoded":[0.0,0.0,1.0,0.0,0.0,0.0],"Address":"danang","Distance":3400.0,"Rating":83.0,"Capacity":1.0,"CapacityEncoded":[1.0,0.0],"Area":68.0,"Price":1199000.0,"Label":1199000.0,"Score":2363225.8}
{"AddressEncoded":[0.0,0.0,1.0,0.0,0.0,0.0],"Address":"danang","Distance":1600.0,"Rating":94.0,"Capacity":1.0,"CapacityEncoded":[1.0,0.0],"Area":50.0,"Price":382500.0,"Label":382500.0,"Score":262944.53}
{"AddressEncoded":[0.0,0.0,1.0,0.0,0.0,0.0],"Address":"danang","Distance":2700.0,"Rating":100.0,"Capacity":1.0,"CapacityEncoded":[1.0,0.0],"Area":700.0,"Price":17921148.0,"Label":17921148.0,"Score":15321606.0}
{"AddressEncoded":[0.0,0.0,1.0,0.0,0.0,0.0],"Address":"danang","Distance":3300.0,"Rating":91.0,"Capacity":1.0,"CapacityEncoded":[1.0,0.0],"Area":50.0,"Price":769774.0,"Label":769774.0,"Score":897199.4}
{"AddressEncoded":[0.0,0.0,1.0,0.0,0.0,0.0],"Address":"danang","Distance":3000.0,"Rating":92.0,"Capacity":1.0,"CapacityEncoded":[1.0,0.0],"Area":35.0,"Price":540000.0,"Label":540000.0,"Score":793053.3}
{"AddressEncoded":[0.0,0.0,1.0,0.0,0.0,0.0],"Address":"danang","Distance":8400.0,"Rating":93.0,"Capacity":1.0,"CapacityEncoded":[1.0,0.0],"Area":45.0,"Price":1937500.0,"Label":1937500.0,"Score":1719491.4}
{"AddressEncoded":[0.0,0.0,1.0,0.0,0.0,0.0],"Address":"danang","Distance":2700.0,"Rating":100.0,"Capacity":1.0,"CapacityEncoded":[1.0,0.0],"Area":78.0,"Price":2422500.0,"Label":2422500.0,"Score":2834335.5}
{"AddressEncoded":[0.0,0.0,1.0,0.0,0.0,0.0],"Address":"danang","Distance":3400.0,"Rating":73.0,"Capacity":1.0,"CapacityEncoded":[1.0,0.0],"Area":70.0,"Price":855000.0,"Label":855000.0,"Score":1043633.8}
{"AddressEncoded":[0.0,0.0,1.0,0.0,0.0,0.0],"Address":"danang","Distance":2800.0,"Rating":93.0,"Capacity":1.0,"CapacityEncoded":[1.0,0.0],"Area":35.0,"Price":1177000.0,"Label":1177000.0,"Score":917399.4}
{"AddressEncoded":[0.0,0.0,1.0,0.0,0.0,0.0],"Address":"danang","Distance":3400.0,"Rating":75.0,"Capacity":1.0,"CapacityEncoded":[1.0,0.0],"Area":65.0,"Price":1600000.0,"Label":1600000.0,"Score":1094736.6}
{"AddressEncoded":[0.0,0.0,1.0,0.0,0.0,0.0],"Address":"danang","Distance":2300.0,"Rating":87.0,"Capacity":1.0,"CapacityEncoded":[1.0,0.0],"Area":30.0,"Price":648000.0,"Label":648000.0,"Score":494393.5}
{"AddressEncoded":[0.0,0.0,1.0,0.0,0.0,0.0],"Address":"danang","Distance":4600.0,"Rating":80.0,"Capacity":1.0,"CapacityEncoded":[1.0,0.0],"Area":50.0,"Price":520000.0,"Label":520000.0,"Score":1057068.2}
{"AddressEncoded":[0.0,0.0,1.0,0.0,0.0,0.0],"Address":"danang","Distance":10000.0,"Rating":75.0,"Capacity":1.0,"CapacityEncoded":[1.0,0.0],"Area":600.0,"Price":6750000.0,"Label":6750000.0,"Score":8009120.5}
{"AddressEncoded":[0.0,0.0,1.0,0.0,0.0,0.0],"Address":"danang","Distance":3900.0,"Rating":84.0,"Capacity":1.0,"CapacityEncoded":[1.0,0.0],"Area":32.0,"Price":586625.0,"Label":586625.0,"Score":736272.9}
{"AddressEncoded":[0.0,0.0,1.0,0.0,0.0,0.0],"Address":"danang","Distance":3400.0,"Rating":100.0,"Capacity":1.0,"CapacityEncoded":[1.0,0.0],"Area":50.0,"Price":720000.0,"Label":720000.0,"Score":859272.7}
{"AddressEncoded":[0.0,0.0,1.0,0.0,0.0,0.0],"Address":"danang","Distance":2100.0,"Rating":91.0,"Capacity":1.0,"CapacityEncoded":[1.0,0.0],"Area":20.0,"Price":467500.0,"Label":467500.0,"Score":661840.25}
{"AddressEncoded":[0.0,0.0,1.0,0.0,0.0,0.0],"Address":"danang","Distance":3200.0,"Rating":94.0,"Capacity":1.0,"CapacityEncoded":[1.0,0.0],"Area":40.0,"Price":831060.0,"Label":831060.0,"Score":667542.4}
{"AddressEncoded":[0.0,0.0,1.0,0.0,0.0,0.0],"Address":"danang","Distance":5000.0,"Rating":50.0,"Capacity":1.0,"CapacityEncoded":[1.0,0.0],"Area":400.0,"Price":9000000.0,"Label":9000000.0,"Score":8720058.0}
{"AddressEncoded":[0.0,0.0,1.0,0.0,0.0,0.0],"Address":"danang","Distance":2600.0,"Rating":91.0,"Capacity":1.0,"CapacityEncoded":[1.0,0.0],"Area":30.0,"Price":559000.0,"Label":559000.0,"Score":631981.75}
{"AddressEncoded":[0.0,0.0,1.0,0.0,0.0,0.0],"Address":"danang","Distance":2700.0,"Rating":90.0,"Capacity":1.0,"CapacityEncoded":[1.0,0.0],"Area":50.0,"Price":540000.0,"Label":540000.0,"Score":789232.06}
{"AddressEncoded":[0.0,0.0,1.0,0.0,0.0,0.0],"Address":"danang","Distance":3300.0,"Rating":95.0,"Capacity":1.0,"CapacityEncoded":[1.0,0.0],"Area":35.0,"Price":300000.0,"Label":300000.0,"Score":537654.25}
{"AddressEncoded":[0.0,0.0,1.0,0.0,0.0,0.0],"Address":"danang","Distance":2600.0,"Rating":65.0,"Capacity":1.0,"CapacityEncoded":[1.0,0.0],"Area":35.0,"Price":1125000.0,"Label":1125000.0,"Score":777470.06}
{"AddressEncoded":[0.0,0.0,1.0,0.0,0.0,0.0],"Address":"danang","Distance":3600.0,"Rating":97.0,"Capacity":1.0,"CapacityEncoded":[1.0,0.0],"Area":150.0,"Price":651700.0,"Label":651700.0,"Score":793964.8}
{"AddressEncoded":[0.0,0.0,1.0,0.0,0.0,0.0],"Address":"danang","Distance":2600.0,"Rating":94.0,"Capacity":1.0,"CapacityEncoded":[1.0,0.0],"Area":27.0,"Price":429300.0,"Label":429300.0,"Score":522730.47}
{"AddressEncoded":[0.0,0.0,1.0,0.0,0.0,0.0],"Address":"danang","Distance":2300.0,"Rating":84.0,"Capacity":1.0,"CapacityEncoded":[1.0,0.0],"Area":38.0,"Price":400000.0,"Label":400000.0,"Score":1270389.0}
{"AddressEncoded":[0.0,0.0,1.0,0.0,0.0,0.0],"Address":"danang","Distance":4900.0,"Rating":100.0,"Capacity":1.0,"CapacityEncoded":[1.0,0.0],"Area":300.0,"Price":4657500.0,"Label":4657500.0,"Score":4825474.5}
{"AddressEncoded":[0.0,0.0,1.0,0.0,0.0,0.0],"Address":"danang","Distance":12200.0,"Rating":83.0,"Capacity":1.0,"CapacityEncoded":[1.0,0.0],"Area":390.0,"Price":4968000.0,"Label":4968000.0,"Score":5862922.0}
{"AddressEncoded":[0.0,0.0,1.0,0.0,0.0,0.0],"Address":"danang","Distance":3400.0,"Rating":77.0,"Capacity":1.0,"CapacityEncoded":[1.0,0.0],"Area":70.0,"Price":1500000.0,"Label":1500000.0,"Score":1091559.8}
{"AddressEncoded":[0.0,0.0,1.0,0.0,0.0,0.0],"Address":"danang","Distance":1100.0,"Rating":90.0,"Capacity":1.0,"CapacityEncoded":[1.0,0.0],"Area":25.0,"Price":526500.0,"Label":526500.0,"Score":680883.9}
{"AddressEncoded":[0.0,0.0,1.0,0.0,0.0,0.0],"Address":"danang","Distance":11000.0,"Rating":78.0,"Capacity":1.0,"CapacityEncoded":[1.0,0.0],"Area":270.0,"Price":4264313.0,"Label":4264313.0,"Score":5291810.5}
{"AddressEncoded":[0.0,0.0,1.0,0.0,0.0,0.0],"Address":"danang","Distance":3100.0,"Rating":90.0,"Capacity":1.0,"CapacityEncoded":[1.0,0.0],"Area":515.0,"Price":11830107.0,"Label":11830107.0,"Score":11549507.0}
{"AddressEncoded":[0.0,0.0,1.0,0.0,0.0,0.0],"Address":"danang","Distance":2700.0,"Rating":100.0,"Capacity":1.0,"CapacityEncoded":[1.0,0.0],"Area":70.0,"Price":1757500.0,"Label":1757500.0,"Score":1069572.9}
{"AddressEncoded":[0.0,0.0,1.0,0.0,0.0,0.0],"Address":"danang","Distance":3400.0,"Rating":89.0,"Capacity":1.0,"CapacityEncoded":[1.0,0.0],"Area":68.0,"Price":1140000.0,"Label":1140000.0,"Score":949768.1}
{"AddressEncoded":[0.0,0.0,1.0,0.0,0.0,0.0],"Address":"danang","Distance":4600.0,"Rating":95.0,"Capacity":1.0,"CapacityEncoded":[1.0,0.0],"Area":140.0,"Price":3325000.0,"Label":3325000.0,"Score":5846724.5}
{"AddressEncoded":[0.0,0.0,0.0,1.0,0.0,0.0],"Address":"haiphong","Distance":3900.0,"Rating":10.0,"Capacity":1.0,"CapacityEncoded":[1.0,0.0],"Area":40.0,"Price":720000.0,"Label":720000.0,"Score":993469.56}
{"AddressEncoded":[0.0,0.0,0.0,1.0,0.0,0.0],"Address":"haiphong","Distance":2500.0,"Rating":100.0,"Capacity":1.0,"CapacityEncoded":[1.0,0.0],"Area":68.0,"Price":1200000.0,"Label":1200000.0,"Score":1101456.1}
{"AddressEncoded":[0.0,0.0,0.0,1.0,0.0,0.0],"Address":"haiphong","Distance":800.0,"Rating":100.0,"Capacity":1.0,"CapacityEncoded":[1.0,0.0],"Area":71.0,"Price":1275000.0,"Label":1275000.0,"Score":1330705.9}
{"AddressEncoded":[0.0,0.0,0.0,1.0,0.0,0.0],"Address":"haiphong","Distance":7100.0,"Rating":88.0,"Capacity":1.0,"CapacityEncoded":[1.0,0.0],"Area":45.0,"Price":710000.0,"Label":710000.0,"Score":820615.9}
{"AddressEncoded":[0.0,0.0,0.0,1.0,0.0,0.0],"Address":"haiphong","Distance":3400.0,"Rating":92.0,"Capacity":1.0,"CapacityEncoded":[1.0,0.0],"Area":20.0,"Price":477900.0,"Label":477900.0,"Score":621959.06}
{"AddressEncoded":[0.0,0.0,0.0,1.0,0.0,0.0],"Address":"haiphong","Distance":600.0,"Rating":96.0,"Capacity":1.0,"CapacityEncoded":[1.0,0.0],"Area":20.0,"Price":617500.0,"Label":617500.0,"Score":740692.44}
{"AddressEncoded":[0.0,0.0,0.0,1.0,0.0,0.0],"Address":"haiphong","Distance":300.0,"Rating":77.0,"Capacity":1.0,"CapacityEncoded":[1.0,0.0],"Area":32.0,"Price":700000.0,"Label":700000.0,"Score":295469.5}
{"AddressEncoded":[0.0,0.0,0.0,1.0,0.0,0.0],"Address":"haiphong","Distance":450.0,"Rating":87.0,"Capacity":1.0,"CapacityEncoded":[1.0,0.0],"Area":50.0,"Price":1250000.0,"Label":1250000.0,"Score":1472730.6}
{"AddressEncoded":[0.0,0.0,0.0,1.0,0.0,0.0],"Address":"haiphong","Distance":1300.0,"Rating":83.0,"Capacity":1.0,"CapacityEncoded":[1.0,0.0],"Area":25.0,"Price":541500.0,"Label":541500.0,"Score":348612.34}
{"AddressEncoded":[0.0,0.0,0.0,1.0,0.0,0.0],"Address":"haiphong","Distance":2700.0,"Rating":97.0,"Capacity":1.0,"CapacityEncoded":[1.0,0.0],"Area":32.0,"Price":1850000.0,"Label":1850000.0,"Score":995221.6}
{"AddressEncoded":[0.0,0.0,0.0,1.0,0.0,0.0],"Address":"haiphong","Distance":2500.0,"Rating":90.0,"Capacity":1.0,"CapacityEncoded":[1.0,0.0],"Area":67.0,"Price":650000.0,"Label":650000.0,"Score":875581.44}
{"AddressEncoded":[0.0,0.0,0.0,1.0,0.0,0.0],"Address":"haiphong","Distance":38500.0,"Rating":83.0,"Capacity":1.0,"CapacityEncoded":[1.0,0.0],"Area":25.0,"Price":760320.0,"Label":760320.0,"Score":2535671.0}
{"AddressEncoded":[0.0,0.0,0.0,1.0,0.0,0.0],"Address":"haiphong","Distance":300.0,"Rating":55.0,"Capacity":1.0,"CapacityEncoded":[1.0,0.0],"Area":10.0,"Price":500000.0,"Label":500000.0,"Score":462946.1}
{"AddressEncoded":[0.0,0.0,0.0,0.0,1.0,0.0],"Address":"hochiminh","Distance":1800.0,"Rating":100.0,"Capacity":1.0,"CapacityEncoded":[1.0,0.0],"Area":70.0,"Price":1600000.0,"Label":1600000.0,"Score":1521398.5}
{"AddressEncoded":[0.0,0.0,0.0,0.0,1.0,0.0],"Address":"hochiminh","Distance":800.0,"Rating":90.0,"Capacity":1.0,"CapacityEncoded":[1.0,0.0],"Area":86.0,"Price":1822500.0,"Label":1822500.0,"Score":1727502.0}
{"AddressEncoded":[0.0,0.0,0.0,0.0,1.0,0.0],"Address":"hochiminh","Distance":1600.0,"Rating":90.0,"Capacity":1.0,"CapacityEncoded":[1.0,0.0],"Area":100.0,"Price":2000000.0,"Label":2000000.0,"Score":1518361.9}
{"AddressEncoded":[0.0,0.0,0.0,0.0,1.0,0.0],"Address":"hochiminh","Distance":900.0,"Rating":80.0,"Capacity":1.0,"CapacityEncoded":[1.0,0.0],"Area":65.0,"Price":1443200.0,"Label":1443200.0,"Score":2052116.5}
{"AddressEncoded":[0.0,0.0,0.0,0.0,1.0,0.0],"Address":"hochiminh","Distance":3900.0,"Rating":90.0,"Capacity":1.0,"CapacityEncoded":[1.0,0.0],"Area":30.0,"Price":450000.0,"Label":450000.0,"Score":684533.5}
{"AddressEncoded":[0.0,0.0,0.0,0.0,1.0,0.0],"Address":"hochiminh","Distance":1000.0,"Rating":100.0,"Capacity":1.0,"CapacityEncoded":[1.0,0.0],"Area":30.0,"Price":2200000.0,"Label":2200000.0,"Score":1281076.8}
{"AddressEncoded":[0.0,0.0,0.0,0.0,1.0,0.0],"Address":"hochiminh","Distance":5100.0,"Rating":100.0,"Capacity":1.0,"CapacityEncoded":[1.0,0.0],"Area":75.0,"Price":1700000.0,"Label":1700000.0,"Score":1434711.1}
{"AddressEncoded":[0.0,0.0,0.0,0.0,1.0,0.0],"Address":"hochiminh","Distance":4000.0,"Rating":90.0,"Capacity":1.0,"CapacityEncoded":[1.0,0.0],"Area":30.0,"Price":765000.0,"Label":765000.0,"Score":700502.94}
{"AddressEncoded":[0.0,0.0,0.0,0.0,1.0,0.0],"Address":"hochiminh","Distance":5600.0,"Rating":10.0,"Capacity":1.0,"CapacityEncoded":[1.0,0.0],"Area":65.0,"Price":1255500.0,"Label":1255500.0,"Score":1478469.6}
{"AddressEncoded":[0.0,0.0,0.0,0.0,1.0,0.0],"Address":"hochiminh","Distance":1000.0,"Rating":100.0,"Capacity":1.0,"CapacityEncoded":[1.0,0.0],"Area":28.0,"Price":1620000.0,"Label":1620000.0,"Score":1273776.4}
{"AddressEncoded":[0.0,0.0,0.0,0.0,1.0,0.0],"Address":"hochiminh","Distance":3500.0,"Rating":43.0,"Capacity":1.0,"CapacityEncoded":[1.0,0.0],"Area":56.0,"Price":1327500.0,"Label":1327500.0,"Score":1611368.0}
{"AddressEncoded":[0.0,0.0,0.0,0.0,1.0,0.0],"Address":"hochiminh","Distance":5200.0,"Rating":90.0,"Capacity":1.0,"CapacityEncoded":[1.0,0.0],"Area":40.0,"Price":790000.0,"Label":790000.0,"Score":768744.4}
{"AddressEncoded":[0.0,0.0,0.0,0.0,1.0,0.0],"Address":"hochiminh","Distance":3300.0,"Rating":50.0,"Capacity":1.0,"CapacityEncoded":[1.0,0.0],"Area":30.0,"Price":432000.0,"Label":432000.0,"Score":711467.7}
{"AddressEncoded":[0.0,0.0,0.0,0.0,1.0,0.0],"Address":"hochiminh","Distance":3500.0,"Rating":10.0,"Capacity":1.0,"CapacityEncoded":[1.0,0.0],"Area":52.0,"Price":1120000.0,"Label":1120000.0,"Score":700768.56}
{"AddressEncoded":[0.0,0.0,0.0,0.0,1.0,0.0],"Address":"hochiminh","Distance":5900.0,"Rating":98.0,"Capacity":1.0,"CapacityEncoded":[1.0,0.0],"Area":50.0,"Price":1120000.0,"Label":1120000.0,"Score":1224756.5}
{"AddressEncoded":[0.0,0.0,0.0,0.0,1.0,0.0],"Address":"hochiminh","Distance":3200.0,"Rating":77.0,"Capacity":1.0,"CapacityEncoded":[1.0,0.0],"Area":120.0,"Price":2400000.0,"Label":2400000.0,"Score":2377340.5}
{"AddressEncoded":[0.0,0.0,0.0,0.0,1.0,0.0],"Address":"hochiminh","Distance":3600.0,"Rating":10.0,"Capacity":1.0,"CapacityEncoded":[1.0,0.0],"Area":53.0,"Price":920000.0,"Label":920000.0,"Score":1555948.4}
{"AddressEncoded":[0.0,0.0,0.0,0.0,1.0,0.0],"Address":"hochiminh","Distance":3500.0,"Rating":30.0,"Capacity":1.0,"CapacityEncoded":[1.0,0.0],"Area":100.0,"Price":2500000.0,"Label":2500000.0,"Score":1712830.9}
{"AddressEncoded":[0.0,0.0,0.0,0.0,1.0,0.0],"Address":"hochiminh","Distance":5600.0,"Rating":95.0,"Capacity":1.0,"CapacityEncoded":[1.0,0.0],"Area":60.0,"Price":1150000.0,"Label":1150000.0,"Score":1301036.6}
{"AddressEncoded":[0.0,0.0,0.0,0.0,1.0,0.0],"Address":"hochiminh","Distance":3500.0,"Rating":57.0,"Capacity":1.0,"CapacityEncoded":[1.0,0.0],"Area":50.0,"Price":1282500.0,"Label":1282500.0,"Score":1243274.5}
{"AddressEncoded":[0.0,0.0,0.0,0.0,1.0,0.0],"Address":"hochiminh","Distance":9200.0,"Rating":70.0,"Capacity":1.0,"CapacityEncoded":[1.0,0.0],"Area":20.0,"Price":299250.0,"Label":299250.0,"Score":647177.6}
{"AddressEncoded":[0.0,0.0,0.0,0.0,1.0,0.0],"Address":"hochiminh","Distance":6800.0,"Rating":40.0,"Capacity":1.0,"CapacityEncoded":[1.0,0.0],"Area":400.0,"Price":500000.0,"Label":500000.0,"Score":6291027.0}
{"AddressEncoded":[0.0,0.0,0.0,0.0,1.0,0.0],"Address":"hochiminh","Distance":3400.0,"Rating":57.0,"Capacity":1.0,"CapacityEncoded":[1.0,0.0],"Area":50.0,"Price":1620000.0,"Label":1620000.0,"Score":1291143.9}
{"AddressEncoded":[0.0,0.0,0.0,0.0,1.0,0.0],"Address":"hochiminh","Distance":3500.0,"Rating":80.0,"Capacity":1.0,"CapacityEncoded":[1.0,0.0],"Area":56.0,"Price":880000.0,"Label":880000.0,"Score":1601912.8}
{"AddressEncoded":[0.0,0.0,0.0,0.0,1.0,0.0],"Address":"hochiminh","Distance":800.0,"Rating":77.0,"Capacity":1.0,"CapacityEncoded":[1.0,0.0],"Area":88.0,"Price":1900000.0,"Label":1900000.0,"Score":1315649.5}
{"AddressEncoded":[0.0,0.0,0.0,0.0,1.0,0.0],"Address":"hochiminh","Distance":1200.0,"Rating":10.0,"Capacity":1.0,"CapacityEncoded":[1.0,0.0],"Area":35.0,"Price":780000.0,"Label":780000.0,"Score":542365.2}
{"AddressEncoded":[0.0,0.0,0.0,0.0,1.0,0.0],"Address":"hochiminh","Distance":3500.0,"Rating":100.0,"Capacity":1.0,"CapacityEncoded":[1.0,0.0],"Area":55.0,"Price":1134000.0,"Label":1134000.0,"Score":1153636.1}
{"AddressEncoded":[0.0,0.0,0.0,0.0,1.0,0.0],"Address":"hochiminh","Distance":2500.0,"Rating":20.0,"Capacity":1.0,"CapacityEncoded":[1.0,0.0],"Area":35.0,"Price":675000.0,"Label":675000.0,"Score":685578.44}
{"AddressEncoded":[0.0,0.0,0.0,0.0,1.0,0.0],"Address":"hochiminh","Distance":900.0,"Rating":70.0,"Capacity":1.0,"CapacityEncoded":[1.0,0.0],"Area":48.0,"Price":1560000.0,"Label":1560000.0,"Score":757489.44}
{"AddressEncoded":[0.0,0.0,0.0,0.0,1.0,0.0],"Address":"hochiminh","Distance":2600.0,"Rating":83.0,"Capacity":1.0,"CapacityEncoded":[1.0,0.0],"Area":33.0,"Price":655200.0,"Label":655200.0,"Score":1097645.5}
{"AddressEncoded":[0.0,0.0,0.0,0.0,1.0,0.0],"Address":"hochiminh","Distance":1800.0,"Rating":100.0,"Capacity":1.0,"CapacityEncoded":[1.0,0.0],"Area":55.0,"Price":1690000.0,"Label":1690000.0,"Score":1708897.8}
{"AddressEncoded":[0.0,0.0,0.0,0.0,1.0,0.0],"Address":"hochiminh","Distance":1800.0,"Rating":10.0,"Capacity":1.0,"CapacityEncoded":[1.0,0.0],"Area":82.0,"Price":1600000.0,"Label":1600000.0,"Score":1681987.9}
{"AddressEncoded":[0.0,0.0,0.0,0.0,1.0,0.0],"Address":"hochiminh","Distance":1800.0,"Rating":87.0,"Capacity":1.0,"CapacityEncoded":[1.0,0.0],"Area":90.0,"Price":1520000.0,"Label":1520000.0,"Score":1408883.9}
{"AddressEncoded":[0.0,0.0,0.0,0.0,1.0,0.0],"Address":"hochiminh","Distance":3500.0,"Rating":40.0,"Capacity":1.0,"CapacityEncoded":[1.0,0.0],"Area":55.0,"Price":1620000.0,"Label":1620000.0,"Score":1037262.7}
{"AddressEncoded":[0.0,0.0,0.0,0.0,1.0,0.0],"Address":"hochiminh","Distance":3500.0,"Rating":10.0,"Capacity":1.0,"CapacityEncoded":[1.0,0.0],"Area":54.0,"Price":900000.0,"Label":900000.0,"Score":1795502.8}
{"AddressEncoded":[0.0,0.0,0.0,0.0,1.0,0.0],"Address":"hochiminh","Distance":1800.0,"Rating":70.0,"Capacity":1.0,"CapacityEncoded":[1.0,0.0],"Area":80.0,"Price":1600000.0,"Label":1600000.0,"Score":1559656.1}
{"AddressEncoded":[0.0,0.0,0.0,0.0,1.0,0.0],"Address":"hochiminh","Distance":4900.0,"Rating":88.0,"Capacity":1.0,"CapacityEncoded":[1.0,0.0],"Area":80.0,"Price":1500000.0,"Label":1500000.0,"Score":1422301.6}
{"AddressEncoded":[0.0,0.0,0.0,0.0,1.0,0.0],"Address":"hochiminh","Distance":3200.0,"Rating":100.0,"Capacity":1.0,"CapacityEncoded":[1.0,0.0],"Area":80.0,"Price":1377500.0,"Label":1377500.0,"Score":1776892.8}
{"AddressEncoded":[0.0,0.0,0.0,0.0,1.0,0.0],"Address":"hochiminh","Distance":600.0,"Rating":40.0,"Capacity":1.0,"CapacityEncoded":[1.0,0.0],"Area":40.0,"Price":684000.0,"Label":684000.0,"Score":421757.56}
{"AddressEncoded":[0.0,0.0,0.0,0.0,1.0,0.0],"Address":"hochiminh","Distance":3500.0,"Rating":100.0,"Capacity":1.0,"CapacityEncoded":[1.0,0.0],"Area":54.0,"Price":1400000.0,"Label":1400000.0,"Score":2318863.2}
{"AddressEncoded":[0.0,0.0,0.0,0.0,1.0,0.0],"Address":"hochiminh","Distance":5600.0,"Rating":90.0,"Capacity":1.0,"CapacityEncoded":[1.0,0.0],"Area":77.0,"Price":1440355.0,"Label":1440355.0,"Score":3192612.2}
{"AddressEncoded":[0.0,0.0,0.0,0.0,1.0,0.0],"Address":"hochiminh","Distance":1500.0,"Rating":74.0,"Capacity":1.0,"CapacityEncoded":[1.0,0.0],"Area":29.0,"Price":997592.0,"Label":997592.0,"Score":801431.94}
{"AddressEncoded":[0.0,0.0,0.0,0.0,1.0,0.0],"Address":"hochiminh","Distance":1000.0,"Rating":60.0,"Capacity":1.0,"CapacityEncoded":[1.0,0.0],"Area":30.0,"Price":830000.0,"Label":830000.0,"Score":831375.75}
{"AddressEncoded":[0.0,0.0,0.0,0.0,1.0,0.0],"Address":"hochiminh","Distance":5800.0,"Rating":70.0,"Capacity":1.0,"CapacityEncoded":[1.0,0.0],"Area":50.0,"Price":2940000.0,"Label":2940000.0,"Score":2207034.2}
{"AddressEncoded":[0.0,0.0,0.0,0.0,1.0,0.0],"Address":"hochiminh","Distance":800.0,"Rating":96.0,"Capacity":1.0,"CapacityEncoded":[1.0,0.0],"Area":88.0,"Price":2000000.0,"Label":2000000.0,"Score":2097268.0}
{"AddressEncoded":[0.0,0.0,0.0,0.0,1.0,0.0],"Address":"hochiminh","Distance":800.0,"Rating":100.0,"Capacity":1.0,"CapacityEncoded":[1.0,0.0],"Area":60.0,"Price":1881000.0,"Label":1881000.0,"Score":2114983.0}
{"AddressEncoded":[0.0,0.0,0.0,0.0,1.0,0.0],"Address":"hochiminh","Distance":3900.0,"Rating":90.0,"Capacity":1.0,"CapacityEncoded":[1.0,0.0],"Area":54.0,"Price":1300000.0,"Label":1300000.0,"Score":2527469.5}
{"AddressEncoded":[0.0,0.0,0.0,0.0,1.0,0.0],"Address":"hochiminh","Distance":2100.0,"Rating":100.0,"Capacity":1.0,"CapacityEncoded":[1.0,0.0],"Area":79.0,"Price":3334500.0,"Label":3334500.0,"Score":1719290.5}
{"AddressEncoded":[0.0,0.0,0.0,0.0,1.0,0.0],"Address":"hochiminh","Distance":5600.0,"Rating":100.0,"Capacity":1.0,"CapacityEncoded":[1.0,0.0],"Area":95.0,"Price":2025000.0,"Label":2025000.0,"Score":2148266.2}
{"AddressEncoded":[0.0,0.0,0.0,0.0,1.0,0.0],"Address":"hochiminh","Distance":1700.0,"Rating":97.0,"Capacity":1.0,"CapacityEncoded":[1.0,0.0],"Area":50.0,"Price":2385000.0,"Label":2385000.0,"Score":1736897.6}
{"AddressEncoded":[0.0,0.0,0.0,0.0,1.0,0.0],"Address":"hochiminh","Distance":800.0,"Rating":94.0,"Capacity":1.0,"CapacityEncoded":[1.0,0.0],"Area":70.0,"Price":1800000.0,"Label":1800000.0,"Score":1552076.2}
{"AddressEncoded":[0.0,0.0,0.0,0.0,1.0,0.0],"Address":"hochiminh","Distance":3500.0,"Rating":27.0,"Capacity":1.0,"CapacityEncoded":[1.0,0.0],"Area":60.0,"Price":1350000.0,"Label":1350000.0,"Score":1589552.5}
{"AddressEncoded":[0.0,0.0,0.0,0.0,1.0,0.0],"Address":"hochiminh","Distance":3500.0,"Rating":85.0,"Capacity":1.0,"CapacityEncoded":[1.0,0.0],"Area":120.0,"Price":2610000.0,"Label":2610000.0,"Score":2509577.2}
{"AddressEncoded":[0.0,0.0,0.0,0.0,0.0,1.0],"Address":"hanoi","Distance":3900.0,"Rating":80.0,"Capacity":1.0,"CapacityEncoded":[1.0,0.0],"Area":50.0,"Price":1800000.0,"Label":1800000.0,"Score":1582188.6}
{"AddressEncoded":[0.0,0.0,0.0,0.0,0.0,1.0],"Address":"hanoi","Distance":6500.0,"Rating":100.0,"Capacity":1.0,"CapacityEncoded":[1.0,0.0],"Area":30.0,"Price":891000.0,"Label":891000.0,"Score":770948.6}
{"AddressEncoded":[0.0,0.0,0.0,0.0,0.0,1.0],"Address":"hanoi","Distance":4600.0,"Rating":90.0,"Capacity":1.0,"CapacityEncoded":[1.0,0.0],"Area":105.0,"Price":1900000.0,"Label":1900000.0,"Score":1876967.9}
{"AddressEncoded":[0.0,0.0,0.0,0.0,0.0,1.0],"Address":"hanoi","Distance":7700.0,"Rating":100.0,"Capacity":1.0,"CapacityEncoded":[1.0,0.0],"Area":26.0,"Price":900000.0,"Label":900000.0,"Score":836691.8}
{"AddressEncoded":[0.0,0.0,0.0,0.0,0.0,1.0],"Address":"hanoi","Distance":4700.0,"Rating":85.0,"Capacity":1.0,"CapacityEncoded":[1.0,0.0],"Area":120.0,"Price":2450000.0,"Label":2450000.0,"Score":2498155.0}
{"AddressEncoded":[0.0,0.0,0.0,0.0,0.0,1.0],"Address":"hanoi","Distance":6400.0,"Rating":100.0,"Capacity":1.0,"CapacityEncoded":[1.0,0.0],"Area":40.0,"Price":1099000.0,"Label":1099000.0,"Score":824241.44}
{"AddressEncoded":[0.0,0.0,0.0,0.0,0.0,1.0],"Address":"hanoi","Distance":7600.0,"Rating":90.0,"Capacity":1.0,"CapacityEncoded":[1.0,0.0],"Area":66.0,"Price":1620000.0,"Label":1620000.0,"Score":1244448.6}
{"AddressEncoded":[0.0,0.0,0.0,0.0,0.0,1.0],"Address":"hanoi","Distance":6500.0,"Rating":65.0,"Capacity":1.0,"CapacityEncoded":[1.0,0.0],"Area":38.0,"Price":1100000.0,"Label":1100000.0,"Score":975903.56}
{"AddressEncoded":[0.0,0.0,0.0,0.0,0.0,1.0],"Address":"hanoi","Distance":7400.0,"Rating":90.0,"Capacity":1.0,"CapacityEncoded":[1.0,0.0],"Area":55.0,"Price":1539000.0,"Label":1539000.0,"Score":1013207.0}
{"AddressEncoded":[0.0,0.0,0.0,0.0,0.0,1.0],"Address":"hanoi","Distance":4100.0,"Rating":95.0,"Capacity":1.0,"CapacityEncoded":[1.0,0.0],"Area":56.0,"Price":1080000.0,"Label":1080000.0,"Score":914533.4}
{"AddressEncoded":[0.0,0.0,0.0,0.0,0.0,1.0],"Address":"hanoi","Distance":7300.0,"Rating":10.0,"Capacity":1.0,"CapacityEncoded":[1.0,0.0],"Area":70.0,"Price":1700000.0,"Label":1700000.0,"Score":1544374.9}
{"AddressEncoded":[0.0,0.0,0.0,0.0,0.0,1.0],"Address":"hanoi","Distance":10800.0,"Rating":30.0,"Capacity":1.0,"CapacityEncoded":[1.0,0.0],"Area":60.0,"Price":765000.0,"Label":765000.0,"Score":930176.2}
{"AddressEncoded":[0.0,0.0,0.0,0.0,0.0,1.0],"Address":"hanoi","Distance":7400.0,"Rating":50.0,"Capacity":1.0,"CapacityEncoded":[1.0,0.0],"Area":97.0,"Price":2600000.0,"Label":2600000.0,"Score":2100771.2}
{"AddressEncoded":[0.0,0.0,0.0,0.0,0.0,1.0],"Address":"hanoi","Distance":10100.0,"Rating":40.0,"Capacity":1.0,"CapacityEncoded":[1.0,0.0],"Area":45.0,"Price":680000.0,"Label":680000.0,"Score":773869.94}
{"AddressEncoded":[0.0,0.0,0.0,0.0,0.0,1.0],"Address":"hanoi","Distance":7600.0,"Rating":97.0,"Capacity":1.0,"CapacityEncoded":[1.0,0.0],"Area":80.0,"Price":1700000.0,"Label":1700000.0,"Score":2539064.0}
{"AddressEncoded":[0.0,0.0,0.0,0.0,0.0,1.0],"Address":"hanoi","Distance":9500.0,"Rating":100.0,"Capacity":1.0,"CapacityEncoded":[1.0,0.0],"Area":43.0,"Price":650000.0,"Label":650000.0,"Score":267125.12}
{"AddressEncoded":[0.0,0.0,0.0,0.0,0.0,1.0],"Address":"hanoi","Distance":7300.0,"Rating":92.0,"Capacity":1.0,"CapacityEncoded":[1.0,0.0],"Area":72.0,"Price":1458000.0,"Label":1458000.0,"Score":1531637.8}
{"AddressEncoded":[0.0,0.0,0.0,0.0,0.0,1.0],"Address":"hanoi","Distance":1500.0,"Rating":80.0,"Capacity":1.0,"CapacityEncoded":[1.0,0.0],"Area":55.0,"Price":671760.0,"Label":671760.0,"Score":2442709.8}
{"AddressEncoded":[0.0,0.0,0.0,0.0,0.0,1.0],"Address":"hanoi","Distance":1100.0,"Rating":96.0,"Capacity":1.0,"CapacityEncoded":[1.0,0.0],"Area":130.0,"Price":2200000.0,"Label":2200000.0,"Score":1903303.5}
{"AddressEncoded":[0.0,0.0,0.0,0.0,0.0,1.0],"Address":"hanoi","Distance":4600.0,"Rating":96.0,"Capacity":1.0,"CapacityEncoded":[1.0,0.0],"Area":50.0,"Price":900000.0,"Label":900000.0,"Score":1229870.5}
{"AddressEncoded":[0.0,0.0,0.0,0.0,0.0,1.0],"Address":"hanoi","Distance":5700.0,"Rating":100.0,"Capacity":1.0,"CapacityEncoded":[1.0,0.0],"Area":90.0,"Price":1365000.0,"Label":1365000.0,"Score":1277928.8}
{"AddressEncoded":[0.0,0.0,0.0,0.0,0.0,1.0],"Address":"hanoi","Distance":12000.0,"Rating":70.0,"Capacity":1.0,"CapacityEncoded":[1.0,0.0],"Area":50.0,"Price":1100000.0,"Label":1100000.0,"Score":2137420.2}
{"AddressEncoded":[0.0,0.0,0.0,0.0,0.0,1.0],"Address":"hanoi","Distance":4200.0,"Rating":100.0,"Capacity":1.0,"CapacityEncoded":[1.0,0.0],"Area":53.0,"Price":760500.0,"Label":760500.0,"Score":1652082.4}
{"AddressEncoded":[0.0,0.0,0.0,0.0,0.0,1.0],"Address":"hanoi","Distance":7400.0,"Rating":93.0,"Capacity":1.0,"CapacityEncoded":[1.0,0.0],"Area":110.0,"Price":2375000.0,"Label":2375000.0,"Score":3576644.8}
{"AddressEncoded":[0.0,0.0,0.0,0.0,0.0,1.0],"Address":"hanoi","Distance":8600.0,"Rating":90.0,"Capacity":1.0,"CapacityEncoded":[1.0,0.0],"Area":110.0,"Price":1899050.0,"Label":1899050.0,"Score":3528341.5}
{"AddressEncoded":[0.0,0.0,0.0,0.0,0.0,1.0],"Address":"hanoi","Distance":1300.0,"Rating":100.0,"Capacity":1.0,"CapacityEncoded":[1.0,0.0],"Area":60.0,"Price":1944000.0,"Label":1944000.0,"Score":1405520.5}
{"AddressEncoded":[0.0,0.0,0.0,0.0,0.0,1.0],"Address":"hanoi","Distance":4000.0,"Rating":98.0,"Capacity":1.0,"CapacityEncoded":[1.0,0.0],"Area":53.0,"Price":1300000.0,"Label":1300000.0,"Score":2232034.8}
{"AddressEncoded":[0.0,0.0,0.0,0.0,0.0,1.0],"Address":"hanoi","Distance":2200.0,"Rating":90.0,"Capacity":1.0,"CapacityEncoded":[1.0,0.0],"Area":98.0,"Price":1146600.0,"Label":1146600.0,"Score":1349384.6}
{"AddressEncoded":[0.0,0.0,0.0,0.0,0.0,1.0],"Address":"hanoi","Distance":9900.0,"Rating":100.0,"Capacity":1.0,"CapacityEncoded":[1.0,0.0],"Area":55.0,"Price":640000.0,"Label":640000.0,"Score":991279.75}
{"AddressEncoded":[0.0,0.0,0.0,0.0,0.0,1.0],"Address":"hanoi","Distance":7700.0,"Rating":100.0,"Capacity":1.0,"CapacityEncoded":[1.0,0.0],"Area":26.0,"Price":800000.0,"Label":800000.0,"Score":836691.8}
{"AddressEncoded":[0.0,0.0,0.0,0.0,0.0,1.0],"Address":"hanoi","Distance":7400.0,"Rating":100.0,"Capacity":1.0,"CapacityEncoded":[1.0,0.0],"Area":72.0,"Price":1300000.0,"Label":1300000.0,"Score":1585631.0}
{"AddressEncoded":[0.0,0.0,0.0,0.0,0.0,1.0],"Address":"hanoi","Distance":4800.0,"Rating":60.0,"Capacity":1.0,"CapacityEncoded":[1.0,0.0],"Area":40.0,"Price":1500000.0,"Label":1500000.0,"Score":988946.8}
{"AddressEncoded":[0.0,0.0,0.0,0.0,0.0,1.0],"Address":"hanoi","Distance":9500.0,"Rating":80.0,"Capacity":1.0,"CapacityEncoded":[1.0,0.0],"Area":85.0,"Price":1757500.0,"Label":1757500.0,"Score":1394519.5}
{"AddressEncoded":[0.0,0.0,0.0,0.0,0.0,1.0],"Address":"hanoi","Distance":7700.0,"Rating":85.0,"Capacity":1.0,"CapacityEncoded":[1.0,0.0],"Area":30.0,"Price":700000.0,"Label":700000.0,"Score":556033.94}
{"AddressEncoded":[0.0,0.0,0.0,0.0,0.0,1.0],"Address":"hanoi","Distance":1800.0,"Rating":100.0,"Capacity":1.0,"CapacityEncoded":[1.0,0.0],"Area":65.0,"Price":839700.0,"Label":839700.0,"Score":1175568.6}
{"AddressEncoded":[0.0,0.0,0.0,0.0,0.0,1.0],"Address":"hanoi","Distance":12200.0,"Rating":10.0,"Capacity":1.0,"CapacityEncoded":[1.0,0.0],"Area":30.0,"Price":760000.0,"Label":760000.0,"Score":1755126.5}
{"AddressEncoded":[0.0,0.0,0.0,0.0,0.0,1.0],"Address":"hanoi","Distance":1800.0,"Rating":100.0,"Capacity":1.0,"CapacityEncoded":[1.0,0.0],"Area":125.0,"Price":1680000.0,"Label":1680000.0,"Score":1421761.6}
{"AddressEncoded":[0.0,0.0,0.0,0.0,0.0,1.0],"Address":"hanoi","Distance":7600.0,"Rating":90.0,"Capacity":1.0,"CapacityEncoded":[1.0,0.0],"Area":36.0,"Price":684000.0,"Label":684000.0,"Score":899490.2}
{"AddressEncoded":[0.0,0.0,0.0,0.0,0.0,1.0],"Address":"hanoi","Distance":2400.0,"Rating":65.0,"Capacity":1.0,"CapacityEncoded":[1.0,0.0],"Area":33.0,"Price":807500.0,"Label":807500.0,"Score":702445.94}
{"AddressEncoded":[0.0,0.0,0.0,0.0,0.0,1.0],"Address":"hanoi","Distance":800.0,"Rating":60.0,"Capacity":1.0,"CapacityEncoded":[1.0,0.0],"Area":35.0,"Price":635040.0,"Label":635040.0,"Score":729516.3}
{"AddressEncoded":[0.0,0.0,0.0,0.0,0.0,1.0],"Address":"hanoi","Distance":4900.0,"Rating":73.0,"Capacity":1.0,"CapacityEncoded":[1.0,0.0],"Area":106.0,"Price":1440000.0,"Label":1440000.0,"Score":1699853.6}
{"AddressEncoded":[0.0,0.0,0.0,0.0,0.0,1.0],"Address":"hanoi","Distance":6000.0,"Rating":90.0,"Capacity":1.0,"CapacityEncoded":[1.0,0.0],"Area":330.0,"Price":1950000.0,"Label":1950000.0,"Score":3882136.5}
